<odoo>
    <data noupdate="1">
        <!-- Claim Manager Group -->
        <record id="group_claim_manager" model="res.groups">
            <field name="name">Claim Manager</field>
            <field name="category_id" ref="base.module_category_sales"/>
        </record>

        <!-- Claim Agent Group -->
        <record id="group_claim_agent" model="res.groups">
            <field name="name">Claim Agent</field>
            <field name="category_id" ref="base.module_category_sales"/>
        </record>

        <!-- Claim Customer Group (for portal access) -->
        <record id="group_claim_customer" model="res.groups">
            <field name="name">Claim Customer</field>
            <field name="category_id" ref="base.module_category_portal"/>
        </record>

        <!-- Security Rules for Claims -->
        <!-- Rule for Claim Customers: Can only see their own claims -->
        <record id="product_claim_rule_portal_user" model="ir.rule">
            <field name="name">Product Claims: Portal User Rule</field>
            <field name="model_id" ref="model_product_claim"/>
            <field name="groups" eval="[(4, ref('group_claim_customer'))]"/>
            <field name="domain_force">[('customer_id', '=', user.partner_id.id)]</field>
            <field name="perm_read" eval="1"/>
            <field name="perm_create" eval="0"/>
            <field name="perm_write" eval="0"/>
            <field name="perm_unlink" eval="0"/>
        </record>
    </data>
</odoo>
