<odoo>
    <data>
        <record id="email_template_claim_state_change" model="mail.template">
            <field name="name">Product Claim State Change</field>
            <field name="model_id" ref="product_claim_management.model_product_claim"/>
            <field name="subject">Claim {{ object.name }} State Changed</field>
            <field name="email_from">${(user.email or 'abirchennoufi2002@gmail.com')}</field>
            <field name="email_to">${object.customer_id.email}</field>
            <field name="body_html">
                <![CDATA[
                    <p>Dear ${object.customer_id.name},</p>
                    <p>The state of your product claim {{ object.name }} has been changed to {{ object.state }}.</p>
                    <p>Thank you for your patience.</p>
                    <p>Best regards,</p>
                    <p>Your Company</p>
                ]]>
            </field>
        </record>
    </data>
</odoo>

